"Step","cls-250px - valid_loss","cls-250px - valid_loss__MIN","cls-250px - valid_loss__MAX"
"13999","0.0008489284664392471","0.0008489284664392471","0.0008489284664392471"
"27999","0.00048719209735281765","0.00048719209735281765","0.00048719209735281765"
"41999","0.0003252869355492294","0.0003252869355492294","0.0003252869355492294"
"55999","0.0002023722045123577","0.0002023722045123577","0.0002023722045123577"
"69999","0.0003651792649179697","0.0003651792649179697","0.0003651792649179697"
"83999","0.0003228279238101095","0.0003228279238101095","0.0003228279238101095"