"Step","a-250px - valid_loss","a-250px - valid_loss__MIN","a-250px - valid_loss__MAX"
"13999","0.008340632542967796","0.008340632542967796","0.008340632542967796"
"27999","0.0019706853199750185","0.0019706853199750185","0.0019706853199750185"
"41999","0.0017395741306245327","0.0017395741306245327","0.0017395741306245327"
"55999","0.002318371320143342","0.002318371320143342","0.002318371320143342"
"69999","0.0033895501401275396","0.0033895501401275396","0.0033895501401275396"
"83999","0.0026750725228339434","0.0026750725228339434","0.0026750725228339434"
"97999","0.0018550597596913576","0.0018550597596913576","0.0018550597596913576"
"111999","0.002854980295524001","0.002854980295524001","0.002854980295524001"